accuracy,precision_weighted,recall_weighted,f1_weighted
0.5474576271186441,0.6124281230047063,0.5474576271186441,0.5725435800601145
