accuracy,precision_weighted,recall_weighted,f1_weighted
0.6288135593220339,0.649849073637172,0.6288135593220339,0.6381486172292217
