accuracy,precision_weighted,recall_weighted,f1_weighted
0.5898305084745763,0.5893011084749767,0.5898305084745763,0.584764533620029
